date,stkVal,cash,dret,val,downLow,downHigh,downDay,downKMax,0
,,,,,,,,,2015-01-05
,,,,,,,,,0
,,,,,,,,,10000
,,,,,,,,,0
,,,,,,,,,10000
,,,,,,,,,0
,,,,,,,,,0
,,,,,,,,,0
,,,,,,,,,0
,,,,,,,,,2015-01-06
,,,,,,,,,0
,,,,,,,,,10000
,,,,,,,,,0
,,,,,,,,,10000
,,,,,,,,,0
,,,,,,,,,0
,,,,,,,,,0
,,,,,,,,,0
,,,,,,,,,2015-01-07
,,,,,,,,,0
,,,,,,,,,10000
,,,,,,,,,0
,,,,,,,,,10000
,,,,,,,,,0
,,,,,,,,,0
,,,,,,,,,0
,,,,,,,,,0
,,,,,,,,,2015-01-08
,,,,,,,,,0
,,,,,,,,,10000
,,,,,,,,,0
,,,,,,,,,10000
,,,,,,,,,0
,,,,,,,,,0
,,,,,,,,,0
,,,,,,,,,0
,,,,,,,,,2015-01-09
,,,,,,,,,0
,,,,,,,,,10000
,,,,,,,,,0
,,,,,,,,,10000
,,,,,,,,,0
,,,,,,,,,0
,,,,,,,,,0
,,,,,,,,,0
,,,,,,,,,2015-01-12
,,,,,,,,,0
,,,,,,,,,10000
,,,,,,,,,0
,,,,,,,,,10000
,,,,,,,,,0
,,,,,,,,,0
,,,,,,,,,0
,,,,,,,,,0
,,,,,,,,,2015-01-13
,,,,,,,,,0
,,,,,,,,,10000
,,,,,,,,,0
,,,,,,,,,10000
,,,,,,,,,0
,,,,,,,,,0
,,,,,,,,,0
,,,,,,,,,0
,,,,,,,,,2015-01-14
,,,,,,,,,0
,,,,,,,,,10000
,,,,,,,,,0
,,,,,,,,,10000
,,,,,,,,,0
,,,,,,,,,0
,,,,,,,,,0
,,,,,,,,,0
,,,,,,,,,2015-01-15
,,,,,,,,,0
,,,,,,,,,10000
,,,,,,,,,0
,,,,,,,,,10000
,,,,,,,,,0
,,,,,,,,,0
,,,,,,,,,0
,,,,,,,,,0
,,,,,,,,,2015-01-16
,,,,,,,,,0
,,,,,,,,,10000
,,,,,,,,,0
,,,,,,,,,10000
,,,,,,,,,0
,,,,,,,,,0
,,,,,,,,,0
,,,,,,,,,0
,,,,,,,,,2015-01-19
,,,,,,,,,0
,,,,,,,,,10000
,,,,,,,,,0
,,,,,,,,,10000
,,,,,,,,,0
,,,,,,,,,0
,,,,,,,,,0
,,,,,,,,,0
,,,,,,,,,2015-01-20
,,,,,,,,,0
,,,,,,,,,10000
,,,,,,,,,0
,,,,,,,,,10000
,,,,,,,,,0
,,,,,,,,,0
,,,,,,,,,0
,,,,,,,,,0
,,,,,,,,,2015-01-21
,,,,,,,,,0
,,,,,,,,,10000
,,,,,,,,,0
,,,,,,,,,10000
,,,,,,,,,0
,,,,,,,,,0
,,,,,,,,,0
,,,,,,,,,0
,,,,,,,,,2015-01-22
,,,,,,,,,0
,,,,,,,,,10000
,,,,,,,,,0
,,,,,,,,,10000
,,,,,,,,,0
,,,,,,,,,0
,,,,,,,,,0
,,,,,,,,,0
,,,,,,,,,2015-01-23
,,,,,,,,,0
,,,,,,,,,10000
,,,,,,,,,0
,,,,,,,,,10000
,,,,,,,,,0
,,,,,,,,,0
,,,,,,,,,0
,,,,,,,,,0
,,,,,,,,,2015-01-26
,,,,,,,,,0
,,,,,,,,,10000
,,,,,,,,,0
,,,,,,,,,10000
,,,,,,,,,0
,,,,,,,,,0
,,,,,,,,,0
,,,,,,,,,0
,,,,,,,,,2015-01-27
,,,,,,,,,0
,,,,,,,,,10000
,,,,,,,,,0
,,,,,,,,,10000
,,,,,,,,,0
,,,,,,,,,0
,,,,,,,,,0
,,,,,,,,,0
,,,,,,,,,2015-01-28
,,,,,,,,,0
,,,,,,,,,10000
,,,,,,,,,0
,,,,,,,,,10000
,,,,,,,,,0
,,,,,,,,,0
,,,,,,,,,0
,,,,,,,,,0
,,,,,,,,,2015-01-29
,,,,,,,,,0
,,,,,,,,,10000
,,,,,,,,,0
,,,,,,,,,10000
,,,,,,,,,0
,,,,,,,,,0
,,,,,,,,,0
,,,,,,,,,0
,,,,,,,,,2015-01-30
,,,,,,,,,0
,,,,,,,,,10000
,,,,,,,,,0
,,,,,,,,,10000
,,,,,,,,,0
,,,,,,,,,0
,,,,,,,,,0
,,,,,,,,,0
,,,,,,,,,2015-02-16
,,,,,,,,,0
,,,,,,,,,10000
,,,,,,,,,0
,,,,,,,,,10000
,,,,,,,,,0
,,,,,,,,,0
,,,,,,,,,0
,,,,,,,,,0
,,,,,,,,,2015-02-17
,,,,,,,,,0
,,,,,,,,,10000
,,,,,,,,,0
,,,,,,,,,10000
,,,,,,,,,0
,,,,,,,,,0
,,,,,,,,,0
,,,,,,,,,0
,,,,,,,,,2015-02-25
,,,,,,,,,0
,,,,,,,,,10000
,,,,,,,,,0
,,,,,,,,,10000
,,,,,,,,,0
,,,,,,,,,0
,,,,,,,,,0
,,,,,,,,,0
,,,,,,,,,2015-02-26
,,,,,,,,,0
,,,,,,,,,10000
,,,,,,,,,0
,,,,,,,,,10000
,,,,,,,,,0
,,,,,,,,,0
,,,,,,,,,0
,,,,,,,,,0
,,,,,,,,,2015-02-27
,,,,,,,,,0
,,,,,,,,,10000
,,,,,,,,,0
,,,,,,,,,10000
,,,,,,,,,0
,,,,,,,,,0
,,,,,,,,,0
,,,,,,,,,0
,,,,,,,,,2015-03-02
,,,,,,,,,0
,,,,,,,,,10000
,,,,,,,,,0
,,,,,,,,,10000
,,,,,,,,,0
,,,,,,,,,0
,,,,,,,,,0
,,,,,,,,,0
,,,,,,,,,2015-03-03
,,,,,,,,,0
,,,,,,,,,10000
,,,,,,,,,0
,,,,,,,,,10000
,,,,,,,,,0
,,,,,,,,,0
,,,,,,,,,0
,,,,,,,,,0
,,,,,,,,,2015-03-04
,,,,,,,,,0
,,,,,,,,,10000
,,,,,,,,,0
,,,,,,,,,10000
,,,,,,,,,0
,,,,,,,,,0
,,,,,,,,,0
,,,,,,,,,0
,,,,,,,,,2015-03-05
,,,,,,,,,0
,,,,,,,,,10000
,,,,,,,,,0
,,,,,,,,,10000
,,,,,,,,,0
,,,,,,,,,0
,,,,,,,,,0
,,,,,,,,,0
,,,,,,,,,2015-03-06
,,,,,,,,,0
,,,,,,,,,10000
,,,,,,,,,0
,,,,,,,,,10000
,,,,,,,,,0
,,,,,,,,,0
,,,,,,,,,0
,,,,,,,,,0
,,,,,,,,,2015-03-09
,,,,,,,,,0
,,,,,,,,,10000
,,,,,,,,,0
,,,,,,,,,10000
,,,,,,,,,0
,,,,,,,,,0
,,,,,,,,,0
,,,,,,,,,0
,,,,,,,,,2015-03-10
,,,,,,,,,8999.460000000001
,,,,,,,,,1000.539999999999
,,,,,,,,,0
,,,,,,,,,10000.0
,,,,,,,,,0
,,,,,,,,,0
,,,,,,,,,0
,,,,,,,,,0
,,,,,,,,,2015-03-11
,,,,,,,,,9092.88
,,,,,,,,,1000.539999999999
,,,,,,,,,0
,,,,,,,,,10093.419999999998
,,,,,,,,,0
,,,,,,,,,0
,,,,,,,,,0
,,,,,,,,,0
,,,,,,,,,2015-03-12
,,,,,,,,,8937.18
,,,,,,,,,1000.539999999999
,,,,,,,,,0
,,,,,,,,,9937.72
,,,,,,,,,0
,,,,,,,,,0
,,,,,,,,,0
,,,,,,,,,0
,,,,,,,,,2015-03-13
,,,,,,,,,8937.18
,,,,,,,,,1000.539999999999
,,,,,,,,,0
,,,,,,,,,9937.72
,,,,,,,,,0
,,,,,,,,,0
,,,,,,,,,0
,,,,,,,,,0
,,,,,,,,,2015-03-16
,,,,,,,,,9061.74
,,,,,,,,,1000.539999999999
,,,,,,,,,0
,,,,,,,,,10062.279999999999
,,,,,,,,,0
,,,,,,,,,0
,,,,,,,,,0
,,,,,,,,,0
,,,,,,,,,2015-03-17
,,,,,,,,,9092.88
,,,,,,,,,1000.539999999999
,,,,,,,,,0
,,,,,,,,,10093.419999999998
,,,,,,,,,0
,,,,,,,,,0
,,,,,,,,,0
,,,,,,,,,0
,,,,,,,,,2015-03-18
,,,,,,,,,9342.0
,,,,,,,,,1000.539999999999
,,,,,,,,,0
,,,,,,,,,10342.539999999999
,,,,,,,,,0
,,,,,,,,,0
,,,,,,,,,0
,,,,,,,,,0
,,,,,,,,,2015-03-19
,,,,,,,,,9310.86
,,,,,,,,,1000.539999999999
,,,,,,,,,0
,,,,,,,,,10311.4
,,,,,,,,,0
,,,,,,,,,0
,,,,,,,,,0
,,,,,,,,,0
,,,,,,,,,2015-03-20
,,,,,,,,,8999.460000000001
,,,,,,,,,1000.539999999999
,,,,,,,,,0
,,,,,,,,,10000.0
,,,,,,,,,0
,,,,,,,,,0
,,,,,,,,,0
,,,,,,,,,0
,,,,,,,,,2015-03-30
,,,,,,,,,9061.74
,,,,,,,,,1000.539999999999
,,,,,,,,,0
,,,,,,,,,10062.279999999999
,,,,,,,,,0
,,,,,,,,,0
,,,,,,,,,0
,,,,,,,,,0
,,,,,,,,,2015-03-31
,,,,,,,,,9964.800000000001
,,,,,,,,,1000.539999999999
,,,,,,,,,0
,,,,,,,,,10965.34
,,,,,,,,,0
,,,,,,,,,0
,,,,,,,,,0
,,,,,,,,,0
,,,,,,,,,2015-04-01
,,,,,,,,,10369.62
,,,,,,,,,1000.539999999999
,,,,,,,,,0
,,,,,,,,,11370.16
,,,,,,,,,0
,,,,,,,,,0
,,,,,,,,,0
,,,,,,,,,0
,,,,,,,,,2015-04-02
,,,,,,,,,10213.92
,,,,,,,,,1000.539999999999
,,,,,,,,,0
,,,,,,,,,11214.46
,,,,,,,,,0
,,,,,,,,,0
,,,,,,,,,0
,,,,,,,,,0
,,,,,,,,,2015-04-03
,,,,,,,,,11241.539999999999
,,,,,,,,,1000.539999999999
,,,,,,,,,0
,,,,,,,,,12242.079999999998
,,,,,,,,,0
,,,,,,,,,0
,,,,,,,,,0
,,,,,,,,,0
,,,,,,,,,2015-04-07
,,,,,,,,,12362.58
,,,,,,,,,1000.539999999999
,,,,,,,,,0
,,,,,,,,,13363.119999999999
,,,,,,,,,0
,,,,,,,,,0
,,,,,,,,,0
,,,,,,,,,0
,,,,,,,,,2015-04-08
,,,,,,,,,13577.04
,,,,,,,,,1000.539999999999
,,,,,,,,,0
,,,,,,,,,14577.58
,,,,,,,,,0
,,,,,,,,,0
,,,,,,,,,0
,,,,,,,,,0
,,,,,,,,,2015-04-14
,,,,,,,,,14947.199999999999
,,,,,,,,,1000.539999999999
,,,,,,,,,0
,,,,,,,,,15947.739999999998
,,,,,,,,,0
,,,,,,,,,0
,,,,,,,,,0
,,,,,,,,,0
,,,,,,,,,2015-04-15
,,,,,,,,,13452.480000000001
,,,,,,,,,1000.539999999999
,,,,,,,,,0
,,,,,,,,,14453.02
,,,,,,,,,0
,,,,,,,,,0
,,,,,,,,,0
,,,,,,,,,0
,,,,,,,,,2015-04-16
,,,,,,,,,13047.660000000002
,,,,,,,,,1000.539999999999
,,,,,,,,,0
,,,,,,,,,14048.2
,,,,,,,,,0
,,,,,,,,,0
,,,,,,,,,0
,,,,,,,,,0
,,,,,,,,,2015-04-17
,,,,,,,,,13421.339999999998
,,,,,,,,,1000.539999999999
,,,,,,,,,0
,,,,,,,,,14421.879999999997
,,,,,,,,,0
,,,,,,,,,0
,,,,,,,,,0
,,,,,,,,,0
,,,,,,,,,2015-04-20
,,,,,,,,,12175.74
,,,,,,,,,1000.539999999999
,,,,,,,,,0
,,,,,,,,,13176.279999999999
,,,,,,,,,0
,,,,,,,,,0
,,,,,,,,,0
,,,,,,,,,0
,,,,,,,,,2015-04-21
,,,,,,,,,12206.88
,,,,,,,,,1000.539999999999
,,,,,,,,,0
,,,,,,,,,13207.419999999998
,,,,,,,,,0
,,,,,,,,,0
,,,,,,,,,0
,,,,,,,,,0
,,,,,,,,,2015-04-22
,,,,,,,,,12393.72
,,,,,,,,,1000.539999999999
,,,,,,,,,0
,,,,,,,,,13394.259999999998
,,,,,,,,,0
,,,,,,,,,0
,,,,,,,,,0
,,,,,,,,,0
,,,,,,,,,2015-04-24
,,,,,,,,,0
,,,,,,,,,12771.46
,,,,,,,,,0
,,,,,,,,,12771.46
,,,,,,,,,0
,,,,,,,,,0
,,,,,,,,,0
,,,,,,,,,0
,,,,,,,,,2015-04-27
,,,,,,,,,0
,,,,,,,,,12771.46
,,,,,,,,,0
,,,,,,,,,12771.46
,,,,,,,,,0
,,,,,,,,,0
,,,,,,,,,0
,,,,,,,,,0
,,,,,,,,,2015-04-28
,,,,,,,,,0
,,,,,,,,,12771.46
,,,,,,,,,0
,,,,,,,,,12771.46
,,,,,,,,,0
,,,,,,,,,0
,,,,,,,,,0
,,,,,,,,,0
,,,,,,,,,2015-04-29
,,,,,,,,,0
,,,,,,,,,12771.46
,,,,,,,,,0
,,,,,,,,,12771.46
,,,,,,,,,0
,,,,,,,,,0
,,,,,,,,,0
,,,,,,,,,0
,,,,,,,,,2015-04-30
,,,,,,,,,0
,,,,,,,,,12771.46
,,,,,,,,,0
,,,,,,,,,12771.46
,,,,,,,,,0
,,,,,,,,,0
,,,,,,,,,0
,,,,,,,,,0
,,,,,,,,,2015-05-04
,,,,,,,,,0
,,,,,,,,,12771.46
,,,,,,,,,0
,,,,,,,,,12771.46
,,,,,,,,,0
,,,,,,,,,0
,,,,,,,,,0
,,,,,,,,,0
,,,,,,,,,2015-05-05
,,,,,,,,,0
,,,,,,,,,12771.46
,,,,,,,,,0
,,,,,,,,,12771.46
,,,,,,,,,0
,,,,,,,,,0
,,,,,,,,,0
,,,,,,,,,0
,,,,,,,,,2015-05-06
,,,,,,,,,0
,,,,,,,,,12771.46
,,,,,,,,,0
,,,,,,,,,12771.46
,,,,,,,,,0
,,,,,,,,,0
,,,,,,,,,0
,,,,,,,,,0
,,,,,,,,,2015-05-07
,,,,,,,,,0
,,,,,,,,,12771.46
,,,,,,,,,0
,,,,,,,,,12771.46
,,,,,,,,,0
,,,,,,,,,0
,,,,,,,,,0
,,,,,,,,,0
,,,,,,,,,2015-05-08
,,,,,,,,,0
,,,,,,,,,12771.46
,,,,,,,,,0
,,,,,,,,,12771.46
,,,,,,,,,0
,,,,,,,,,0
,,,,,,,,,0
,,,,,,,,,0
,,,,,,,,,2015-05-11
,,,,,,,,,0
,,,,,,,,,12771.46
,,,,,,,,,0
,,,,,,,,,12771.46
,,,,,,,,,0
,,,,,,,,,0
,,,,,,,,,0
,,,,,,,,,0
,,,,,,,,,2015-05-14
,,,,,,,,,0
,,,,,,,,,12771.46
,,,,,,,,,0
,,,,,,,,,12771.46
,,,,,,,,,0
,,,,,,,,,0
,,,,,,,,,0
,,,,,,,,,0
,,,,,,,,,2015-05-15
,,,,,,,,,0
,,,,,,,,,12771.46
,,,,,,,,,0
,,,,,,,,,12771.46
,,,,,,,,,0
,,,,,,,,,0
,,,,,,,,,0
,,,,,,,,,0
,,,,,,,,,2015-05-18
,,,,,,,,,11493.9
,,,,,,,,,1277.5599999999995
,,,,,,,,,0
,,,,,,,,,12771.46
,,,,,,,,,0
,,,,,,,,,0
,,,,,,,,,0
,,,,,,,,,0
,,,,,,,,,2015-05-19
,,,,,,,,,11574.09
,,,,,,,,,1277.5599999999995
,,,,,,,,,0
,,,,,,,,,12851.65
,,,,,,,,,0
,,,,,,,,,0
,,,,,,,,,0
,,,,,,,,,0
,,,,,,,,,2015-05-20
,,,,,,,,,11627.55
,,,,,,,,,1277.5599999999995
,,,,,,,,,0
,,,,,,,,,12905.109999999999
,,,,,,,,,0
,,,,,,,,,0
,,,,,,,,,0
,,,,,,,,,0
,,,,,,,,,2015-05-21
,,,,,,,,,11520.63
,,,,,,,,,1277.5599999999995
,,,,,,,,,0
,,,,,,,,,12798.189999999999
,,,,,,,,,0
,,,,,,,,,0
,,,,,,,,,0
,,,,,,,,,0
,,,,,,,,,2015-05-22
,,,,,,,,,12108.69
,,,,,,,,,1277.5599999999995
,,,,,,,,,0
,,,,,,,,,13386.25
,,,,,,,,,0
,,,,,,,,,0
,,,,,,,,,0
,,,,,,,,,0
,,,,,,,,,2015-05-25
,,,,,,,,,12723.48
,,,,,,,,,1277.5599999999995
,,,,,,,,,0
,,,,,,,,,14001.039999999999
,,,,,,,,,0
,,,,,,,,,0
,,,,,,,,,0
,,,,,,,,,0
,,,,,,,,,2015-05-26
,,,,,,,,,13338.27
,,,,,,,,,1277.5599999999995
,,,,,,,,,0
,,,,,,,,,14615.83
,,,,,,,,,0
,,,,,,,,,0
,,,,,,,,,0
,,,,,,,,,0
,,,,,,,,,2015-05-27
,,,,,,,,,14006.52
,,,,,,,,,1277.5599999999995
,,,,,,,,,0
,,,,,,,,,15284.08
,,,,,,,,,0
,,,,,,,,,0
,,,,,,,,,0
,,,,,,,,,0
,,,,,,,,,2015-05-28
,,,,,,,,,14701.5
,,,,,,,,,1277.5599999999995
,,,,,,,,,0
,,,,,,,,,15979.06
,,,,,,,,,0
,,,,,,,,,0
,,,,,,,,,0
,,,,,,,,,0
,,,,,,,,,2015-05-29
,,,,,,,,,13979.79
,,,,,,,,,1277.5599999999995
,,,,,,,,,0
,,,,,,,,,15257.35
,,,,,,,,,0
,,,,,,,,,0
,,,,,,,,,0
,,,,,,,,,0
,,,,,,,,,2015-06-01
,,,,,,,,,13552.11
,,,,,,,,,1277.5599999999995
,,,,,,,,,0
,,,,,,,,,14829.67
,,,,,,,,,0
,,,,,,,,,0
,,,,,,,,,0
,,,,,,,,,0
,,,,,,,,,2015-06-02
,,,,,,,,,13525.38
,,,,,,,,,1277.5599999999995
,,,,,,,,,0
,,,,,,,,,14802.939999999999
,,,,,,,,,0
,,,,,,,,,0
,,,,,,,,,0
,,,,,,,,,0
,,,,,,,,,2015-06-03
,,,,,,,,,13097.7
,,,,,,,,,1277.5599999999995
,,,,,,,,,0
,,,,,,,,,14375.26
,,,,,,,,,0
,,,,,,,,,0
,,,,,,,,,0
,,,,,,,,,0
,,,,,,,,,2015-06-04
,,,,,,,,,0
,,,,,,,,,13733.74
,,,,,,,,,0
,,,,,,,,,13733.74
,,,,,,,,,0
,,,,,,,,,0
,,,,,,,,,0
,,,,,,,,,0
,,,,,,,,,2015-06-05
,,,,,,,,,0
,,,,,,,,,13733.74
,,,,,,,,,0
,,,,,,,,,13733.74
,,,,,,,,,0
,,,,,,,,,0
,,,,,,,,,0
,,,,,,,,,0
,,,,,,,,,2015-06-08
,,,,,,,,,0
,,,,,,,,,13733.74
,,,,,,,,,0
,,,,,,,,,13733.74
,,,,,,,,,0
,,,,,,,,,0
,,,,,,,,,0
,,,,,,,,,0
,,,,,,,,,2015-06-09
,,,,,,,,,0
,,,,,,,,,13733.74
,,,,,,,,,0
,,,,,,,,,13733.74
,,,,,,,,,0
,,,,,,,,,0
,,,,,,,,,0
,,,,,,,,,0
,,,,,,,,,2015-06-10
,,,,,,,,,12358.5
,,,,,,,,,1375.2399999999998
,,,,,,,,,0
,,,,,,,,,13733.74
,,,,,,,,,0
,,,,,,,,,0
,,,,,,,,,0
,,,,,,,,,0
,,,,,,,,,2015-06-11
,,,,,,,,,12088.86
,,,,,,,,,1375.2399999999998
,,,,,,,,,0
,,,,,,,,,13464.1
,,,,,,,,,0
,,,,,,,,,0
,,,,,,,,,0
,,,,,,,,,0
,,,,,,,,,2015-06-12
,,,,,,,,,12695.550000000001
,,,,,,,,,1375.2399999999998
,,,,,,,,,0
,,,,,,,,,14070.79
,,,,,,,,,0
,,,,,,,,,0
,,,,,,,,,0
,,,,,,,,,0
,,,,,,,,,2015-06-15
,,,,,,,,,12897.78
,,,,,,,,,1375.2399999999998
,,,,,,,,,0
,,,,,,,,,14273.02
,,,,,,,,,0
,,,,,,,,,0
,,,,,,,,,0
,,,,,,,,,0
,,,,,,,,,2015-06-16
,,,,,,,,,12246.15
,,,,,,,,,1375.2399999999998
,,,,,,,,,0
,,,,,,,,,13621.39
,,,,,,,,,0
,,,,,,,,,0
,,,,,,,,,0
,,,,,,,,,0
,,,,,,,,,2015-06-17
,,,,,,,,,12111.33
,,,,,,,,,1375.2399999999998
,,,,,,,,,0
,,,,,,,,,13486.57
,,,,,,,,,0
,,,,,,,,,0
,,,,,,,,,0
,,,,,,,,,0
,,,,,,,,,2015-06-18
,,,,,,,,,0
,,,,,,,,,12879.88
,,,,,,,,,0
,,,,,,,,,12879.88
,,,,,,,,,0
,,,,,,,,,0
,,,,,,,,,0
,,,,,,,,,0
,,,,,,,,,2015-06-19
,,,,,,,,,0
,,,,,,,,,12879.88
,,,,,,,,,0
,,,,,,,,,12879.88
,,,,,,,,,0
,,,,,,,,,0
,,,,,,,,,0
,,,,,,,,,0
,,,,,,,,,2015-06-23
,,,,,,,,,0
,,,,,,,,,12879.88
,,,,,,,,,0
,,,,,,,,,12879.88
,,,,,,,,,0
,,,,,,,,,0
,,,,,,,,,0
,,,,,,,,,0
,,,,,,,,,2015-06-24
,,,,,,,,,0
,,,,,,,,,12879.88
,,,,,,,,,0
,,,,,,,,,12879.88
,,,,,,,,,0
,,,,,,,,,0
,,,,,,,,,0
,,,,,,,,,0
,,,,,,,,,2015-06-25
,,,,,,,,,0
,,,,,,,,,12879.88
,,,,,,,,,0
,,,,,,,,,12879.88
,,,,,,,,,0
,,,,,,,,,0
,,,,,,,,,0
,,,,,,,,,0
,,,,,,,,,2015-06-26
,,,,,,,,,0
,,,,,,,,,12879.88
,,,,,,,,,0
,,,,,,,,,12879.88
,,,,,,,,,0
,,,,,,,,,0
,,,,,,,,,0
,,,,,,,,,0
,,,,,,,,,2015-06-29
,,,,,,,,,0
,,,,,,,,,12879.88
,,,,,,,,,0
,,,,,,,,,12879.88
,,,,,,,,,0
,,,,,,,,,0
,,,,,,,,,0
,,,,,,,,,0
,,,,,,,,,2015-06-30
,,,,,,,,,0
,,,,,,,,,12879.88
,,,,,,,,,0
,,,,,,,,,12879.88
,,,,,,,,,0
,,,,,,,,,0
,,,,,,,,,0
,,,,,,,,,0
,,,,,,,,,2015-07-01
,,,,,,,,,0
,,,,,,,,,12879.88
,,,,,,,,,0
,,,,,,,,,12879.88
,,,,,,,,,0
,,,,,,,,,0
,,,,,,,,,0
,,,,,,,,,0
,,,,,,,,,2015-07-02
,,,,,,,,,0
,,,,,,,,,12879.88
,,,,,,,,,0
,,,,,,,,,12879.88
,,,,,,,,,0
,,,,,,,,,0
,,,,,,,,,0
,,,,,,,,,0
,,,,,,,,,2015-07-03
,,,,,,,,,0
,,,,,,,,,12879.88
,,,,,,,,,0
,,,,,,,,,12879.88
,,,,,,,,,0
,,,,,,,,,0
,,,,,,,,,0
,,,,,,,,,0
,,,,,,,,,2015-07-06
,,,,,,,,,0
,,,,,,,,,12879.88
,,,,,,,,,0
,,,,,,,,,12879.88
,,,,,,,,,0
,,,,,,,,,0
,,,,,,,,,0
,,,,,,,,,0
,,,,,,,,,2015-07-07
,,,,,,,,,0
,,,,,,,,,12879.88
,,,,,,,,,0
,,,,,,,,,12879.88
,,,,,,,,,0
,,,,,,,,,0
,,,,,,,,,0
,,,,,,,,,0
,,,,,,,,,2015-07-09
,,,,,,,,,0
,,,,,,,,,12879.88
,,,,,,,,,0
,,,,,,,,,12879.88
,,,,,,,,,0
,,,,,,,,,0
,,,,,,,,,0
,,,,,,,,,0
,,,,,,,,,2015-07-10
,,,,,,,,,0
,,,,,,,,,12879.88
,,,,,,,,,0
,,,,,,,,,12879.88
,,,,,,,,,0
,,,,,,,,,0
,,,,,,,,,0
,,,,,,,,,0
,,,,,,,,,2015-07-13
,,,,,,,,,0
,,,,,,,,,12879.88
,,,,,,,,,0
,,,,,,,,,12879.88
,,,,,,,,,0
,,,,,,,,,0
,,,,,,,,,0
,,,,,,,,,0
,,,,,,,,,2015-07-14
,,,,,,,,,0
,,,,,,,,,12879.88
,,,,,,,,,0
,,,,,,,,,12879.88
,,,,,,,,,0
,,,,,,,,,0
,,,,,,,,,0
,,,,,,,,,0
,,,,,,,,,2015-07-15
,,,,,,,,,0
,,,,,,,,,12879.88
,,,,,,,,,0
,,,,,,,,,12879.88
,,,,,,,,,0
,,,,,,,,,0
,,,,,,,,,0
,,,,,,,,,0
,,,,,,,,,2015-07-16
,,,,,,,,,0
,,,,,,,,,12879.88
,,,,,,,,,0
,,,,,,,,,12879.88
,,,,,,,,,0
,,,,,,,,,0
,,,,,,,,,0
,,,,,,,,,0
,,,,,,,,,2015-07-17
,,,,,,,,,0
,,,,,,,,,12879.88
,,,,,,,,,0
,,,,,,,,,12879.88
,,,,,,,,,0
,,,,,,,,,0
,,,,,,,,,0
,,,,,,,,,0
,,,,,,,,,2015-07-20
,,,,,,,,,0
,,,,,,,,,12879.88
,,,,,,,,,0
,,,,,,,,,12879.88
,,,,,,,,,0
,,,,,,,,,0
,,,,,,,,,0
,,,,,,,,,0
,,,,,,,,,2015-07-21
,,,,,,,,,0
,,,,,,,,,12879.88
,,,,,,,,,0
,,,,,,,,,12879.88
,,,,,,,,,0
,,,,,,,,,0
,,,,,,,,,0
,,,,,,,,,0
,,,,,,,,,2015-07-22
,,,,,,,,,0
,,,,,,,,,12879.88
,,,,,,,,,0
,,,,,,,,,12879.88
,,,,,,,,,0
,,,,,,,,,0
,,,,,,,,,0
,,,,,,,,,0
,,,,,,,,,2015-07-23
,,,,,,,,,11590.400000000001
,,,,,,,,,1289.4799999999977
,,,,,,,,,0
,,,,,,,,,12879.88
,,,,,,,,,0
,,,,,,,,,0
,,,,,,,,,0
,,,,,,,,,0
,,,,,,,,,2015-07-24
,,,,,,,,,12169.92
,,,,,,,,,1289.4799999999977
,,,,,,,,,0
,,,,,,,,,13459.399999999998
,,,,,,,,,0
,,,,,,,,,0
,,,,,,,,,0
,,,,,,,,,0
,,,,,,,,,2015-07-27
,,,,,,,,,11554.18
,,,,,,,,,1289.4799999999977
,,,,,,,,,0
,,,,,,,,,12843.659999999998
,,,,,,,,,0
,,,,,,,,,0
,,,,,,,,,0
,,,,,,,,,0
,,,,,,,,,2015-07-28
,,,,,,,,,10974.66
,,,,,,,,,1289.4799999999977
,,,,,,,,,0
,,,,,,,,,12264.139999999998
,,,,,,,,,0
,,,,,,,,,0
,,,,,,,,,0
,,,,,,,,,0
,,,,,,,,,2015-07-29
,,,,,,,,,11191.98
,,,,,,,,,1289.4799999999977
,,,,,,,,,0
,,,,,,,,,12481.459999999997
,,,,,,,,,0
,,,,,,,,,0
,,,,,,,,,0
,,,,,,,,,0
,,,,,,,,,2015-07-30
,,,,,,,,,10684.900000000001
,,,,,,,,,1289.4799999999977
,,,,,,,,,0
,,,,,,,,,11974.38
,,,,,,,,,0
,,,,,,,,,0
,,,,,,,,,0
,,,,,,,,,0
,,,,,,,,,2015-07-31
,,,,,,,,,10467.58
,,,,,,,,,1289.4799999999977
,,,,,,,,,0
,,,,,,,,,11757.059999999998
,,,,,,,,,0
,,,,,,,,,0
,,,,,,,,,0
,,,,,,,,,0
,,,,,,,,,2015-08-03
,,,,,,,,,9960.5
,,,,,,,,,1289.4799999999977
,,,,,,,,,0
,,,,,,,,,11249.979999999998
,,,,,,,,,0
,,,,,,,,,0
,,,,,,,,,0
,,,,,,,,,0
,,,,,,,,,2015-08-04
,,,,,,,,,10467.58
,,,,,,,,,1289.4799999999977
,,,,,,,,,0
,,,,,,,,,11757.059999999998
,,,,,,,,,0
,,,,,,,,,0
,,,,,,,,,0
,,,,,,,,,0
,,,,,,,,,2015-08-05
,,,,,,,,,10286.48
,,,,,,,,,1289.4799999999977
,,,,,,,,,0
,,,,,,,,,11575.959999999997
,,,,,,,,,0
,,,,,,,,,0
,,,,,,,,,0
,,,,,,,,,0
,,,,,,,,,2015-08-06
,,,,,,,,,10141.599999999999
,,,,,,,,,1289.4799999999977
,,,,,,,,,0
,,,,,,,,,11431.079999999996
,,,,,,,,,0
,,,,,,,,,0
,,,,,,,,,0
,,,,,,,,,0
,,,,,,,,,2015-08-07
,,,,,,,,,10467.58
,,,,,,,,,1289.4799999999977
,,,,,,,,,0
,,,,,,,,,11757.059999999998
,,,,,,,,,0
,,,,,,,,,0
,,,,,,,,,0
,,,,,,,,,0
,,,,,,,,,2015-08-10
,,,,,,,,,10974.66
,,,,,,,,,1289.4799999999977
,,,,,,,,,0
,,,,,,,,,12264.139999999998
,,,,,,,,,0
,,,,,,,,,0
,,,,,,,,,0
,,,,,,,,,0
,,,,,,,,,2015-08-11
,,,,,,,,,10938.44
,,,,,,,,,1289.4799999999977
,,,,,,,,,0
,,,,,,,,,12227.919999999998
,,,,,,,,,0
,,,,,,,,,0
,,,,,,,,,0
,,,,,,,,,0
,,,,,,,,,2015-08-12
,,,,,,,,,11336.859999999999
,,,,,,,,,1289.4799999999977
,,,,,,,,,0
,,,,,,,,,12626.339999999997
,,,,,,,,,0
,,,,,,,,,0
,,,,,,,,,0
,,,,,,,,,0
,,,,,,,,,2015-08-13
,,,,,,,,,11807.72
,,,,,,,,,1289.4799999999977
,,,,,,,,,0
,,,,,,,,,13097.199999999997
,,,,,,,,,0
,,,,,,,,,0
,,,,,,,,,0
,,,,,,,,,0
,,,,,,,,,2015-08-14
,,,,,,,,,11735.28
,,,,,,,,,1289.4799999999977
,,,,,,,,,0
,,,,,,,,,13024.759999999998
,,,,,,,,,0
,,,,,,,,,0
,,,,,,,,,0
,,,,,,,,,0
,,,,,,,,,2015-08-17
,,,,,,,,,12314.8
,,,,,,,,,1289.4799999999977
,,,,,,,,,0
,,,,,,,,,13604.279999999997
,,,,,,,,,0
,,,,,,,,,0
,,,,,,,,,0
,,,,,,,,,0
,,,,,,,,,2015-08-18
,,,,,,,,,11699.06
,,,,,,,,,1289.4799999999977
,,,,,,,,,0
,,,,,,,,,12988.539999999997
,,,,,,,,,0
,,,,,,,,,0
,,,,,,,,,0
,,,,,,,,,0
,,,,,,,,,2015-08-19
,,,,,,,,,11735.28
,,,,,,,,,1289.4799999999977
,,,,,,,,,0
,,,,,,,,,13024.759999999998
,,,,,,,,,0
,,,,,,,,,0
,,,,,,,,,0
,,,,,,,,,0
,,,,,,,,,2015-08-20
,,,,,,,,,11228.2
,,,,,,,,,1289.4799999999977
,,,,,,,,,0
,,,,,,,,,12517.679999999998
,,,,,,,,,0
,,,,,,,,,0
,,,,,,,,,0
,,,,,,,,,0
,,,,,,,,,2015-08-21
,,,,,,,,,10793.56
,,,,,,,,,1289.4799999999977
,,,,,,,,,0
,,,,,,,,,12083.039999999997
,,,,,,,,,0
,,,,,,,,,0
,,,,,,,,,0
,,,,,,,,,0
,,,,,,,,,2015-08-24
,,,,,,,,,10250.26
,,,,,,,,,1289.4799999999977
,,,,,,,,,0
,,,,,,,,,11539.739999999998
,,,,,,,,,0
,,,,,,,,,0
,,,,,,,,,0
,,,,,,,,,0
,,,,,,,,,2015-08-25
,,,,,,,,,9743.18
,,,,,,,,,1289.4799999999977
,,,,,,,,,0
,,,,,,,,,11032.659999999998
,,,,,,,,,0
,,,,,,,,,0
,,,,,,,,,0
,,,,,,,,,0
,,,,,,,,,2015-08-26
,,,,,,,,,0
,,,,,,,,,10561.799999999997
,,,,,,,,,0
,,,,,,,,,10561.799999999997
,,,,,,,,,0
,,,,,,,,,0
,,,,,,,,,0
,,,,,,,,,0
,,,,,,,,,2015-08-27
,,,,,,,,,0
,,,,,,,,,10561.799999999997
,,,,,,,,,0
,,,,,,,,,10561.799999999997
,,,,,,,,,0
,,,,,,,,,0
,,,,,,,,,0
,,,,,,,,,0
,,,,,,,,,2015-08-28
,,,,,,,,,0
,,,,,,,,,10561.799999999997
,,,,,,,,,0
,,,,,,,,,10561.799999999997
,,,,,,,,,0
,,,,,,,,,0
,,,,,,,,,0
,,,,,,,,,0
,,,,,,,,,2015-08-31
,,,,,,,,,0
,,,,,,,,,10561.799999999997
,,,,,,,,,0
,,,,,,,,,10561.799999999997
,,,,,,,,,0
,,,,,,,,,0
,,,,,,,,,0
,,,,,,,,,0
,,,,,,,,,2015-09-01
,,,,,,,,,0
,,,,,,,,,10561.799999999997
,,,,,,,,,0
,,,,,,,,,10561.799999999997
,,,,,,,,,0
,,,,,,,,,0
,,,,,,,,,0
,,,,,,,,,0
,,,,,,,,,2015-09-02
,,,,,,,,,0
,,,,,,,,,10561.799999999997
,,,,,,,,,0
,,,,,,,,,10561.799999999997
,,,,,,,,,0
,,,,,,,,,0
,,,,,,,,,0
,,,,,,,,,0
,,,,,,,,,2015-09-07
,,,,,,,,,0
,,,,,,,,,10561.799999999997
,,,,,,,,,0
,,,,,,,,,10561.799999999997
,,,,,,,,,0
,,,,,,,,,0
,,,,,,,,,0
,,,,,,,,,0
,,,,,,,,,2015-09-08
,,,,,,,,,0
,,,,,,,,,10561.799999999997
,,,,,,,,,0
,,,,,,,,,10561.799999999997
,,,,,,,,,0
,,,,,,,,,0
,,,,,,,,,0
,,,,,,,,,0
,,,,,,,,,2015-09-09
,,,,,,,,,0
,,,,,,,,,10561.799999999997
,,,,,,,,,0
,,,,,,,,,10561.799999999997
,,,,,,,,,0
,,,,,,,,,0
,,,,,,,,,0
,,,,,,,,,0
,,,,,,,,,2015-09-10
,,,,,,,,,0
,,,,,,,,,10561.799999999997
,,,,,,,,,0
,,,,,,,,,10561.799999999997
,,,,,,,,,0
,,,,,,,,,0
,,,,,,,,,0
,,,,,,,,,0
,,,,,,,,,2015-09-11
,,,,,,,,,0
,,,,,,,,,10561.799999999997
,,,,,,,,,0
,,,,,,,,,10561.799999999997
,,,,,,,,,0
,,,,,,,,,0
,,,,,,,,,0
,,,,,,,,,0
,,,,,,,,,2015-09-14
,,,,,,,,,0
,,,,,,,,,10561.799999999997
,,,,,,,,,0
,,,,,,,,,10561.799999999997
,,,,,,,,,0
,,,,,,,,,0
,,,,,,,,,0
,,,,,,,,,0
,,,,,,,,,2015-09-15
,,,,,,,,,0
,,,,,,,,,10561.799999999997
,,,,,,,,,0
,,,,,,,,,10561.799999999997
,,,,,,,,,0
,,,,,,,,,0
,,,,,,,,,0
,,,,,,,,,0
,,,,,,,,,2015-09-30
,,,,,,,,,0
,,,,,,,,,10561.799999999997
,,,,,,,,,0
,,,,,,,,,10561.799999999997
,,,,,,,,,0
,,,,,,,,,0
,,,,,,,,,0
,,,,,,,,,0
,,,,,,,,,2015-10-08
,,,,,,,,,0
,,,,,,,,,10561.799999999997
,,,,,,,,,0
,,,,,,,,,10561.799999999997
,,,,,,,,,0
,,,,,,,,,0
,,,,,,,,,0
,,,,,,,,,0
,,,,,,,,,2015-10-09
,,,,,,,,,0
,,,,,,,,,10561.799999999997
,,,,,,,,,0
,,,,,,,,,10561.799999999997
,,,,,,,,,0
,,,,,,,,,0
,,,,,,,,,0
,,,,,,,,,0
,,,,,,,,,2015-10-12
,,,,,,,,,0
,,,,,,,,,10561.799999999997
,,,,,,,,,0
,,,,,,,,,10561.799999999997
,,,,,,,,,0
,,,,,,,,,0
,,,,,,,,,0
,,,,,,,,,0
,,,,,,,,,2015-10-13
,,,,,,,,,9503.34
,,,,,,,,,1058.4599999999973
,,,,,,,,,0
,,,,,,,,,10561.799999999997
,,,,,,,,,0
,,,,,,,,,0
,,,,,,,,,0
,,,,,,,,,0
,,,,,,,,,2015-10-14
,,,,,,,,,9974.58
,,,,,,,,,1058.4599999999973
,,,,,,,,,0
,,,,,,,,,11033.039999999997
,,,,,,,,,0
,,,,,,,,,0
,,,,,,,,,0
,,,,,,,,,0
,,,,,,,,,2015-10-15
,,,,,,,,,10485.09
,,,,,,,,,1058.4599999999973
,,,,,,,,,0
,,,,,,,,,11543.549999999997
,,,,,,,,,0
,,,,,,,,,0
,,,,,,,,,0
,,,,,,,,,0
,,,,,,,,,2015-10-16
,,,,,,,,,10759.980000000001
,,,,,,,,,1058.4599999999973
,,,,,,,,,0
,,,,,,,,,11818.439999999999
,,,,,,,,,0
,,,,,,,,,0
,,,,,,,,,0
,,,,,,,,,0
,,,,,,,,,2015-10-19
,,,,,,,,,10445.82
,,,,,,,,,1058.4599999999973
,,,,,,,,,0
,,,,,,,,,11504.279999999997
,,,,,,,,,0
,,,,,,,,,0
,,,,,,,,,0
,,,,,,,,,0
,,,,,,,,,2015-10-20
,,,,,,,,,10642.17
,,,,,,,,,1058.4599999999973
,,,,,,,,,0
,,,,,,,,,11700.629999999997
,,,,,,,,,0
,,,,,,,,,0
,,,,,,,,,0
,,,,,,,,,0
,,,,,,,,,2015-10-21
,,,,,,,,,10092.39
,,,,,,,,,1058.4599999999973
,,,,,,,,,0
,,,,,,,,,11150.849999999997
,,,,,,,,,0
,,,,,,,,,0
,,,,,,,,,0
,,,,,,,,,0
,,,,,,,,,2015-10-22
,,,,,,,,,10170.93
,,,,,,,,,1058.4599999999973
,,,,,,,,,0
,,,,,,,,,11229.389999999998
,,,,,,,,,0
,,,,,,,,,0
,,,,,,,,,0
,,,,,,,,,0
,,,,,,,,,2015-10-23
,,,,,,,,,10524.36
,,,,,,,,,1058.4599999999973
,,,,,,,,,0
,,,,,,,,,11582.819999999998
,,,,,,,,,0
,,,,,,,,,0
,,,,,,,,,0
,,,,,,,,,0
,,,,,,,,,2015-10-26
,,,,,,,,,10563.63
,,,,,,,,,1058.4599999999973
,,,,,,,,,0
,,,,,,,,,11622.089999999997
,,,,,,,,,0
,,,,,,,,,0
,,,,,,,,,0
,,,,,,,,,0
,,,,,,,,,2015-10-27
,,,,,,,,,10524.36
,,,,,,,,,1058.4599999999973
,,,,,,,,,0
,,,,,,,,,11582.819999999998
,,,,,,,,,0
,,,,,,,,,0
,,,,,,,,,0
,,,,,,,,,0
,,,,,,,,,2015-10-28
,,,,,,,,,10877.79
,,,,,,,,,1058.4599999999973
,,,,,,,,,0
,,,,,,,,,11936.249999999998
,,,,,,,,,0
,,,,,,,,,0
,,,,,,,,,0
,,,,,,,,,0
,,,,,,,,,2015-10-29
,,,,,,,,,10995.599999999999
,,,,,,,,,1058.4599999999973
,,,,,,,,,0
,,,,,,,,,12054.059999999996
,,,,,,,,,0
,,,,,,,,,0
,,,,,,,,,0
,,,,,,,,,0
,,,,,,,,,2015-10-30
,,,,,,,,,11034.87
,,,,,,,,,1058.4599999999973
,,,,,,,,,0
,,,,,,,,,12093.329999999998
,,,,,,,,,0
,,,,,,,,,0
,,,,,,,,,0
,,,,,,,,,0
,,,,,,,,,2015-11-02
,,,,,,,,,10681.44
,,,,,,,,,1058.4599999999973
,,,,,,,,,0
,,,,,,,,,11739.899999999998
,,,,,,,,,0
,,,,,,,,,0
,,,,,,,,,0
,,,,,,,,,0
,,,,,,,,,2015-11-03
,,,,,,,,,10485.09
,,,,,,,,,1058.4599999999973
,,,,,,,,,0
,,,,,,,,,11543.549999999997
,,,,,,,,,0
,,,,,,,,,0
,,,,,,,,,0
,,,,,,,,,0
,,,,,,,,,2015-11-04
,,,,,,,,,10838.519999999999
,,,,,,,,,1058.4599999999973
,,,,,,,,,0
,,,,,,,,,11896.979999999996
,,,,,,,,,0
,,,,,,,,,0
,,,,,,,,,0
,,,,,,,,,0
,,,,,,,,,2015-11-05
,,,,,,,,,10759.980000000001
,,,,,,,,,1058.4599999999973
,,,,,,,,,0
,,,,,,,,,11818.439999999999
,,,,,,,,,0
,,,,,,,,,0
,,,,,,,,,0
,,,,,,,,,0
,,,,,,,,,2015-11-06
,,,,,,,,,10995.599999999999
,,,,,,,,,1058.4599999999973
,,,,,,,,,0
,,,,,,,,,12054.059999999996
,,,,,,,,,0
,,,,,,,,,0
,,,,,,,,,0
,,,,,,,,,0
,,,,,,,,,2015-11-09
,,,,,,,,,10956.33
,,,,,,,,,1058.4599999999973
,,,,,,,,,0
,,,,,,,,,12014.789999999997
,,,,,,,,,0
,,,,,,,,,0
,,,,,,,,,0
,,,,,,,,,0
,,,,,,,,,2015-11-10
,,,,,,,,,11152.68
,,,,,,,,,1058.4599999999973
,,,,,,,,,0
,,,,,,,,,12211.139999999998
,,,,,,,,,0
,,,,,,,,,0
,,,,,,,,,0
,,,,,,,,,0
,,,,,,,,,2015-11-11
,,,,,,,,,11702.46
,,,,,,,,,1058.4599999999973
,,,,,,,,,0
,,,,,,,,,12760.919999999996
,,,,,,,,,0
,,,,,,,,,0
,,,,,,,,,0
,,,,,,,,,0
,,,,,,,,,2015-11-12
,,,,,,,,,12291.51
,,,,,,,,,1058.4599999999973
,,,,,,,,,0
,,,,,,,,,13349.969999999998
,,,,,,,,,0
,,,,,,,,,0
,,,,,,,,,0
,,,,,,,,,0
,,,,,,,,,2015-11-13
,,,,,,,,,12212.97
,,,,,,,,,1058.4599999999973
,,,,,,,,,0
,,,,,,,,,13271.429999999997
,,,,,,,,,0
,,,,,,,,,0
,,,,,,,,,0
,,,,,,,,,0
,,,,,,,,,2015-11-16
,,,,,,,,,12841.29
,,,,,,,,,1058.4599999999973
,,,,,,,,,0
,,,,,,,,,13899.749999999998
,,,,,,,,,0
,,,,,,,,,0
,,,,,,,,,0
,,,,,,,,,0
,,,,,,,,,2015-11-17
,,,,,,,,,12919.83
,,,,,,,,,1058.4599999999973
,,,,,,,,,0
,,,,,,,,,13978.289999999997
,,,,,,,,,0
,,,,,,,,,0
,,,,,,,,,0
,,,,,,,,,0
,,,,,,,,,2015-11-18
,,,,,,,,,12566.400000000001
,,,,,,,,,1058.4599999999973
,,,,,,,,,0
,,,,,,,,,13624.859999999999
,,,,,,,,,0
,,,,,,,,,0
,,,,,,,,,0
,,,,,,,,,0
,,,,,,,,,2015-11-19
,,,,,,,,,12487.86
,,,,,,,,,1058.4599999999973
,,,,,,,,,0
,,,,,,,,,13546.319999999998
,,,,,,,,,0
,,,,,,,,,0
,,,,,,,,,0
,,,,,,,,,0
,,,,,,,,,2015-11-20
,,,,,,,,,12605.67
,,,,,,,,,1058.4599999999973
,,,,,,,,,0
,,,,,,,,,13664.129999999997
,,,,,,,,,0
,,,,,,,,,0
,,,,,,,,,0
,,,,,,,,,0
,,,,,,,,,2015-11-23
,,,,,,,,,12173.7
,,,,,,,,,1058.4599999999973
,,,,,,,,,0
,,,,,,,,,13232.159999999998
,,,,,,,,,0
,,,,,,,,,0
,,,,,,,,,0
,,,,,,,,,0
,,,,,,,,,2015-11-24
,,,,,,,,,12095.16
,,,,,,,,,1058.4599999999973
,,,,,,,,,0
,,,,,,,,,13153.619999999997
,,,,,,,,,0
,,,,,,,,,0
,,,,,,,,,0
,,,,,,,,,0
,,,,,,,,,2015-11-25
,,,,,,,,,12134.43
,,,,,,,,,1058.4599999999973
,,,,,,,,,0
,,,,,,,,,13192.889999999998
,,,,,,,,,0
,,,,,,,,,0
,,,,,,,,,0
,,,,,,,,,0
,,,,,,,,,2015-11-26
,,,,,,,,,0
,,,,,,,,,13035.809999999996
,,,,,,,,,0
,,,,,,,,,13035.809999999996
,,,,,,,,,0
,,,,,,,,,0
,,,,,,,,,0
,,,,,,,,,0
,,,,,,,,,2015-11-27
,,,,,,,,,0
,,,,,,,,,13035.809999999996
,,,,,,,,,0
,,,,,,,,,13035.809999999996
,,,,,,,,,0
,,,,,,,,,0
,,,,,,,,,0
,,,,,,,,,0
,,,,,,,,,2015-11-30
,,,,,,,,,0
,,,,,,,,,13035.809999999996
,,,,,,,,,0
,,,,,,,,,13035.809999999996
,,,,,,,,,0
,,,,,,,,,0
,,,,,,,,,0
,,,,,,,,,0
,,,,,,,,,2015-12-01
,,,,,,,,,0
,,,,,,,,,13035.809999999996
,,,,,,,,,0
,,,,,,,,,13035.809999999996
,,,,,,,,,0
,,,,,,,,,0
,,,,,,,,,0
,,,,,,,,,0
,,,,,,,,,2015-12-02
,,,,,,,,,0
,,,,,,,,,13035.809999999996
,,,,,,,,,0
,,,,,,,,,13035.809999999996
,,,,,,,,,0
,,,,,,,,,0
,,,,,,,,,0
,,,,,,,,,0
,,,,,,,,,2015-12-03
,,,,,,,,,0
,,,,,,,,,13035.809999999996
,,,,,,,,,0
,,,,,,,,,13035.809999999996
,,,,,,,,,0
,,,,,,,,,0
,,,,,,,,,0
,,,,,,,,,0
,,,,,,,,,2015-12-04
,,,,,,,,,0
,,,,,,,,,13035.809999999996
,,,,,,,,,0
,,,,,,,,,13035.809999999996
,,,,,,,,,0
,,,,,,,,,0
,,,,,,,,,0
,,,,,,,,,0
,,,,,,,,,2015-12-07
,,,,,,,,,0
,,,,,,,,,13035.809999999996
,,,,,,,,,0
,,,,,,,,,13035.809999999996
,,,,,,,,,0
,,,,,,,,,0
,,,,,,,,,0
,,,,,,,,,0
,,,,,,,,,2015-12-08
,,,,,,,,,0
,,,,,,,,,13035.809999999996
,,,,,,,,,0
,,,,,,,,,13035.809999999996
,,,,,,,,,0
,,,,,,,,,0
,,,,,,,,,0
,,,,,,,,,0
,,,,,,,,,2015-12-09
,,,,,,,,,0
,,,,,,,,,13035.809999999996
,,,,,,,,,0
,,,,,,,,,13035.809999999996
,,,,,,,,,0
,,,,,,,,,0
,,,,,,,,,0
,,,,,,,,,0
,,,,,,,,,2015-12-10
,,,,,,,,,0
,,,,,,,,,13035.809999999996
,,,,,,,,,0
,,,,,,,,,13035.809999999996
,,,,,,,,,0
,,,,,,,,,0
,,,,,,,,,0
,,,,,,,,,0
,,,,,,,,,2015-12-11
,,,,,,,,,0
,,,,,,,,,13035.809999999996
,,,,,,,,,0
,,,,,,,,,13035.809999999996
,,,,,,,,,0
,,,,,,,,,0
,,,,,,,,,0
,,,,,,,,,0
,,,,,,,,,2015-12-14
,,,,,,,,,0
,,,,,,,,,13035.809999999996
,,,,,,,,,0
,,,,,,,,,13035.809999999996
,,,,,,,,,0
,,,,,,,,,0
,,,,,,,,,0
,,,,,,,,,0
,,,,,,,,,2015-12-15
,,,,,,,,,0
,,,,,,,,,13035.809999999996
,,,,,,,,,0
,,,,,,,,,13035.809999999996
,,,,,,,,,0
,,,,,,,,,0
,,,,,,,,,0
,,,,,,,,,0
,,,,,,,,,2015-12-16
,,,,,,,,,0
,,,,,,,,,13035.809999999996
,,,,,,,,,0
,,,,,,,,,13035.809999999996
,,,,,,,,,0
,,,,,,,,,0
,,,,,,,,,0
,,,,,,,,,0
,,,,,,,,,2015-12-17
,,,,,,,,,0
,,,,,,,,,13035.809999999996
,,,,,,,,,0
,,,,,,,,,13035.809999999996
,,,,,,,,,0
,,,,,,,,,0
,,,,,,,,,0
,,,,,,,,,0
,,,,,,,,,2015-12-18
,,,,,,,,,0
,,,,,,,,,13035.809999999996
,,,,,,,,,0
,,,,,,,,,13035.809999999996
,,,,,,,,,0
,,,,,,,,,0
,,,,,,,,,0
,,,,,,,,,0
,,,,,,,,,2015-12-21
,,,,,,,,,0
,,,,,,,,,13035.809999999996
,,,,,,,,,0
,,,,,,,,,13035.809999999996
,,,,,,,,,0
,,,,,,,,,0
,,,,,,,,,0
,,,,,,,,,0
,,,,,,,,,2016-01-19
,,,,,,,,,0
,,,,,,,,,13035.809999999996
,,,,,,,,,0
,,,,,,,,,13035.809999999996
,,,,,,,,,0
,,,,,,,,,0
,,,,,,,,,0
,,,,,,,,,0
,,,,,,,,,2016-01-20
,,,,,,,,,0
,,,,,,,,,13035.809999999996
,,,,,,,,,0
,,,,,,,,,13035.809999999996
,,,,,,,,,0
,,,,,,,,,0
,,,,,,,,,0
,,,,,,,,,0
,,,,,,,,,2016-01-21
,,,,,,,,,0
,,,,,,,,,13035.809999999996
,,,,,,,,,0
,,,,,,,,,13035.809999999996
,,,,,,,,,0
,,,,,,,,,0
,,,,,,,,,0
,,,,,,,,,0
,,,,,,,,,2016-01-22
,,,,,,,,,0
,,,,,,,,,13035.809999999996
,,,,,,,,,0
,,,,,,,,,13035.809999999996
,,,,,,,,,0
,,,,,,,,,0
,,,,,,,,,0
,,,,,,,,,0
,,,,,,,,,2016-01-25
,,,,,,,,,0
,,,,,,,,,13035.809999999996
,,,,,,,,,0
,,,,,,,,,13035.809999999996
,,,,,,,,,0
,,,,,,,,,0
,,,,,,,,,0
,,,,,,,,,0
,,,,,,,,,2016-01-26
,,,,,,,,,0
,,,,,,,,,13035.809999999996
,,,,,,,,,0
,,,,,,,,,13035.809999999996
,,,,,,,,,0
,,,,,,,,,0
,,,,,,,,,0
,,,,,,,,,0
,,,,,,,,,2016-01-27
,,,,,,,,,0
,,,,,,,,,13035.809999999996
,,,,,,,,,0
,,,,,,,,,13035.809999999996
,,,,,,,,,0
,,,,,,,,,0
,,,,,,,,,0
,,,,,,,,,0
,,,,,,,,,2016-01-28
,,,,,,,,,0
,,,,,,,,,13035.809999999996
,,,,,,,,,0
,,,,,,,,,13035.809999999996
,,,,,,,,,0
,,,,,,,,,0
,,,,,,,,,0
,,,,,,,,,0
,,,,,,,,,2016-01-29
,,,,,,,,,0
,,,,,,,,,13035.809999999996
,,,,,,,,,0
,,,,,,,,,13035.809999999996
,,,,,,,,,0
,,,,,,,,,0
,,,,,,,,,0
,,,,,,,,,0
,,,,,,,,,2016-02-01
,,,,,,,,,0
,,,,,,,,,13035.809999999996
,,,,,,,,,0
,,,,,,,,,13035.809999999996
,,,,,,,,,0
,,,,,,,,,0
,,,,,,,,,0
,,,,,,,,,0
,,,,,,,,,2016-02-02
,,,,,,,,,0
,,,,,,,,,13035.809999999996
,,,,,,,,,0
,,,,,,,,,13035.809999999996
,,,,,,,,,0
,,,,,,,,,0
,,,,,,,,,0
,,,,,,,,,0
,,,,,,,,,2016-02-03
,,,,,,,,,0
,,,,,,,,,13035.809999999996
,,,,,,,,,0
,,,,,,,,,13035.809999999996
,,,,,,,,,0
,,,,,,,,,0
,,,,,,,,,0
,,,,,,,,,0
,,,,,,,,,2016-02-04
,,,,,,,,,0
,,,,,,,,,13035.809999999996
,,,,,,,,,0
,,,,,,,,,13035.809999999996
,,,,,,,,,0
,,,,,,,,,0
,,,,,,,,,0
,,,,,,,,,0
,,,,,,,,,2016-02-05
,,,,,,,,,0
,,,,,,,,,13035.809999999996
,,,,,,,,,0
,,,,,,,,,13035.809999999996
,,,,,,,,,0
,,,,,,,,,0
,,,,,,,,,0
,,,,,,,,,0
,,,,,,,,,2016-02-15
,,,,,,,,,0
,,,,,,,,,13035.809999999996
,,,,,,,,,0
,,,,,,,,,13035.809999999996
,,,,,,,,,0
,,,,,,,,,0
,,,,,,,,,0
,,,,,,,,,0
,,,,,,,,,2016-02-16
,,,,,,,,,11730.6
,,,,,,,,,1305.2099999999955
,,,,,,,,,0
,,,,,,,,,13035.809999999996
,,,,,,,,,0
,,,,,,,,,0
,,,,,,,,,0
,,,,,,,,,0
,,,,,,,,,2016-02-17
,,,,,,,,,11634.84
,,,,,,,,,1305.2099999999955
,,,,,,,,,0
,,,,,,,,,12940.049999999996
,,,,,,,,,0
,,,,,,,,,0
,,,,,,,,,0
,,,,,,,,,0
,,,,,,,,,2016-02-18
,,,,,,,,,11586.96
,,,,,,,,,1305.2099999999955
,,,,,,,,,0
,,,,,,,,,12892.169999999995
,,,,,,,,,0
,,,,,,,,,0
,,,,,,,,,0
,,,,,,,,,0
,,,,,,,,,2016-02-19
,,,,,,,,,11491.199999999999
,,,,,,,,,1305.2099999999955
,,,,,,,,,0
,,,,,,,,,12796.409999999994
,,,,,,,,,0
,,,,,,,,,0
,,,,,,,,,0
,,,,,,,,,0
,,,,,,,,,2016-02-22
,,,,,,,,,11634.84
,,,,,,,,,1305.2099999999955
,,,,,,,,,0
,,,,,,,,,12940.049999999996
,,,,,,,,,0
,,,,,,,,,0
,,,,,,,,,0
,,,,,,,,,0
,,,,,,,,,2016-02-23
,,,,,,,,,11826.36
,,,,,,,,,1305.2099999999955
,,,,,,,,,0
,,,,,,,,,13131.569999999996
,,,,,,,,,0
,,,,,,,,,0
,,,,,,,,,0
,,,,,,,,,0
,,,,,,,,,2016-02-24
,,,,,,,,,11826.36
,,,,,,,,,1305.2099999999955
,,,,,,,,,0
,,,,,,,,,13131.569999999996
,,,,,,,,,0
,,,,,,,,,0
,,,,,,,,,0
,,,,,,,,,0
,,,,,,,,,2016-02-25
,,,,,,,,,11251.800000000001
,,,,,,,,,1305.2099999999955
,,,,,,,,,0
,,,,,,,,,12557.009999999997
,,,,,,,,,0
,,,,,,,,,0
,,,,,,,,,0
,,,,,,,,,0
,,,,,,,,,2016-02-26
,,,,,,,,,10868.76
,,,,,,,,,1305.2099999999955
,,,,,,,,,0
,,,,,,,,,12173.969999999996
,,,,,,,,,0
,,,,,,,,,0
,,,,,,,,,0
,,,,,,,,,0
,,,,,,,,,2016-02-29
,,,,,,,,,0
,,,,,,,,,11647.289999999995
,,,,,,,,,0
,,,,,,,,,11647.289999999995
,,,,,,,,,0
,,,,,,,,,0
,,,,,,,,,0
,,,,,,,,,0
,,,,,,,,,2016-03-01
,,,,,,,,,0
,,,,,,,,,11647.289999999995
,,,,,,,,,0
,,,,,,,,,11647.289999999995
,,,,,,,,,0
,,,,,,,,,0
,,,,,,,,,0
,,,,,,,,,0
,,,,,,,,,2016-03-02
,,,,,,,,,0
,,,,,,,,,11647.289999999995
,,,,,,,,,0
,,,,,,,,,11647.289999999995
,,,,,,,,,0
,,,,,,,,,0
,,,,,,,,,0
,,,,,,,,,0
,,,,,,,,,2016-03-03
,,,,,,,,,0
,,,,,,,,,11647.289999999995
,,,,,,,,,0
,,,,,,,,,11647.289999999995
,,,,,,,,,0
,,,,,,,,,0
,,,,,,,,,0
,,,,,,,,,0
,,,,,,,,,2016-03-04
,,,,,,,,,0
,,,,,,,,,11647.289999999995
,,,,,,,,,0
,,,,,,,,,11647.289999999995
,,,,,,,,,0
,,,,,,,,,0
,,,,,,,,,0
,,,,,,,,,0
,,,,,,,,,2016-03-07
,,,,,,,,,0
,,,,,,,,,11647.289999999995
,,,,,,,,,0
,,,,,,,,,11647.289999999995
,,,,,,,,,0
,,,,,,,,,0
,,,,,,,,,0
,,,,,,,,,0
,,,,,,,,,2016-03-08
,,,,,,,,,0
,,,,,,,,,11647.289999999995
,,,,,,,,,0
,,,,,,,,,11647.289999999995
,,,,,,,,,0
,,,,,,,,,0
,,,,,,,,,0
,,,,,,,,,0
,,,,,,,,,2016-03-09
,,,,,,,,,0
,,,,,,,,,11647.289999999995
,,,,,,,,,0
,,,,,,,,,11647.289999999995
,,,,,,,,,0
,,,,,,,,,0
,,,,,,,,,0
,,,,,,,,,0
,,,,,,,,,2016-03-10
,,,,,,,,,0
,,,,,,,,,11647.289999999995
,,,,,,,,,0
,,,,,,,,,11647.289999999995
,,,,,,,,,0
,,,,,,,,,0
,,,,,,,,,0
,,,,,,,,,0
,,,,,,,,,2016-03-11
,,,,,,,,,10481.44
,,,,,,,,,1165.849999999995
,,,,,,,,,0
,,,,,,,,,11647.289999999995
,,,,,,,,,0
,,,,,,,,,0
,,,,,,,,,0
,,,,,,,,,0
,,,,,,,,,2016-03-14
,,,,,,,,,10769.920000000002
,,,,,,,,,1165.849999999995
,,,,,,,,,0
,,,,,,,,,11935.769999999997
,,,,,,,,,0
,,,,,,,,,0
,,,,,,,,,0
,,,,,,,,,0
,,,,,,,,,2016-03-15
,,,,,,,,,10721.84
,,,,,,,,,1165.849999999995
,,,,,,,,,0
,,,,,,,,,11887.689999999995
,,,,,,,,,0
,,,,,,,,,0
,,,,,,,,,0
,,,,,,,,,0
,,,,,,,,,2016-03-16
,,,,,,,,,10914.16
,,,,,,,,,1165.849999999995
,,,,,,,,,0
,,,,,,,,,12080.009999999995
,,,,,,,,,0
,,,,,,,,,0
,,,,,,,,,0
,,,,,,,,,0
,,,,,,,,,2016-03-17
,,,,,,,,,11058.4
,,,,,,,,,1165.849999999995
,,,,,,,,,0
,,,,,,,,,12224.249999999995
,,,,,,,,,0
,,,,,,,,,0
,,,,,,,,,0
,,,,,,,,,0
,,,,,,,,,2016-03-18
,,,,,,,,,11250.72
,,,,,,,,,1165.849999999995
,,,,,,,,,0
,,,,,,,,,12416.569999999994
,,,,,,,,,0
,,,,,,,,,0
,,,,,,,,,0
,,,,,,,,,0
,,,,,,,,,2016-03-21
,,,,,,,,,11346.88
,,,,,,,,,1165.849999999995
,,,,,,,,,0
,,,,,,,,,12512.729999999994
,,,,,,,,,0
,,,,,,,,,0
,,,,,,,,,0
,,,,,,,,,0
,,,,,,,,,2016-03-22
,,,,,,,,,11587.28
,,,,,,,,,1165.849999999995
,,,,,,,,,0
,,,,,,,,,12753.129999999996
,,,,,,,,,0
,,,,,,,,,0
,,,,,,,,,0
,,,,,,,,,0
,,,,,,,,,2016-03-23
,,,,,,,,,11539.199999999999
,,,,,,,,,1165.849999999995
,,,,,,,,,0
,,,,,,,,,12705.049999999994
,,,,,,,,,0
,,,,,,,,,0
,,,,,,,,,0
,,,,,,,,,0
,,,,,,,,,2016-03-24
,,,,,,,,,11394.960000000001
,,,,,,,,,1165.849999999995
,,,,,,,,,0
,,,,,,,,,12560.809999999996
,,,,,,,,,0
,,,,,,,,,0
,,,,,,,,,0
,,,,,,,,,0
,,,,,,,,,2016-03-25
,,,,,,,,,11635.359999999999
,,,,,,,,,1165.849999999995
,,,,,,,,,0
,,,,,,,,,12801.209999999994
,,,,,,,,,0
,,,,,,,,,0
,,,,,,,,,0
,,,,,,,,,0
,,,,,,,,,2016-03-28
,,,,,,,,,11683.44
,,,,,,,,,1165.849999999995
,,,,,,,,,0
,,,,,,,,,12849.289999999995
,,,,,,,,,0
,,,,,,,,,0
,,,,,,,,,0
,,,,,,,,,0
,,,,,,,,,2016-03-29
,,,,,,,,,11731.52
,,,,,,,,,1165.849999999995
,,,,,,,,,0
,,,,,,,,,12897.369999999995
,,,,,,,,,0
,,,,,,,,,0
,,,,,,,,,0
,,,,,,,,,0
,,,,,,,,,2016-03-30
,,,,,,,,,11875.76
,,,,,,,,,1165.849999999995
,,,,,,,,,0
,,,,,,,,,13041.609999999995
,,,,,,,,,0
,,,,,,,,,0
,,,,,,,,,0
,,,,,,,,,0
,,,,,,,,,2016-03-31
,,,,,,,,,12308.48
,,,,,,,,,1165.849999999995
,,,,,,,,,0
,,,,,,,,,13474.329999999994
,,,,,,,,,0
,,,,,,,,,0
,,,,,,,,,0
,,,,,,,,,0
,,,,,,,,,2016-04-01
,,,,,,,,,12500.800000000001
,,,,,,,,,1165.849999999995
,,,,,,,,,0
,,,,,,,,,13666.649999999996
,,,,,,,,,0
,,,,,,,,,0
,,,,,,,,,0
,,,,,,,,,0
,,,,,,,,,2016-04-05
,,,,,,,,,12885.44
,,,,,,,,,1165.849999999995
,,,,,,,,,0
,,,,,,,,,14051.289999999995
,,,,,,,,,0
,,,,,,,,,0
,,,,,,,,,0
,,,,,,,,,0
,,,,,,,,,2016-04-06
,,,,,,,,,13125.84
,,,,,,,,,1165.849999999995
,,,,,,,,,0
,,,,,,,,,14291.689999999995
,,,,,,,,,0
,,,,,,,,,0
,,,,,,,,,0
,,,,,,,,,0
,,,,,,,,,2016-04-07
,,,,,,,,,12452.72
,,,,,,,,,1165.849999999995
,,,,,,,,,0
,,,,,,,,,13618.569999999994
,,,,,,,,,0
,,,,,,,,,0
,,,,,,,,,0
,,,,,,,,,0
,,,,,,,,,2016-04-08
,,,,,,,,,12645.039999999999
,,,,,,,,,1165.849999999995
,,,,,,,,,0
,,,,,,,,,13810.889999999994
,,,,,,,,,0
,,,,,,,,,0
,,,,,,,,,0
,,,,,,,,,0
